<faces-config xmlns="http://java.sun.com/xml/ns/javaee"
	xmlns:xsi="http://www.w3.org/2001/XMLSchema-instance"
	xsi:schemaLocation="http://java.sun.com/xml/ns/javaee http://java.sun.com/xml/ns/javaee/web-facesconfig_2_0.xsd"
	version="2.0" metadata-complete="false">
	<application>
		<resource-bundle>
			<base-name>i18n</base-name>
			<var>messages</var>
		</resource-bundle>
	</application>
	<lifecycle>
		<phase-listener id="nocache">com.varutra.mastsb.mastsCL.VMastsCCPL</phase-listener>
	</lifecycle>
	<managed-bean>
		<managed-bean-name>vMastsBBA</managed-bean-name>
		<managed-bean-class>com.varutra.mastsb.mastsWS.VMastsBBA</managed-bean-class>
		<managed-bean-scope>session</managed-bean-scope>
	</managed-bean>
	
	<managed-bean>
		<managed-bean-name>vMastsBNS</managed-bean-name>
		<managed-bean-class>com.varutra.mastsb.mastsN.VMastsBNS</managed-bean-class>
		<managed-bean-scope>session</managed-bean-scope>
	</managed-bean>
	
	<managed-bean>
		<managed-bean-name>vMastsGNS</managed-bean-name>
		<managed-bean-class>com.varutra.mastsb.mastsN.VMastsGNS</managed-bean-class>
		<managed-bean-scope>session</managed-bean-scope>
	</managed-bean>
	
	<managed-bean>
		<managed-bean-name>vMastsANS</managed-bean-name>
		<managed-bean-class>com.varutra.mastsb.mastsN.VMastsANS</managed-bean-class>
		<managed-bean-scope>session</managed-bean-scope>
	</managed-bean>
	
	<managed-bean>
		<managed-bean-name>vMastsACS</managed-bean-name>
		<managed-bean-class>com.varutra.mastsb.mastsSD.VMastsACS</managed-bean-class>
		<managed-bean-scope>session</managed-bean-scope>
	</managed-bean>
	
	<managed-bean>
		<managed-bean-name>vMastsSNS</managed-bean-name>
		<managed-bean-class>com.varutra.mastsb.mastsN.VMastsSNS</managed-bean-class>
		<managed-bean-scope>session</managed-bean-scope>
	</managed-bean>

	<managed-bean>
		<managed-bean-name>vMastsERN</managed-bean-name>
		<managed-bean-class>com.varutra.mastsb.mastsCEP.VMastsERN</managed-bean-class>
		<managed-bean-scope>session</managed-bean-scope>
	</managed-bean>
<managed-bean>
		<managed-bean-name>vMastsLPL</managed-bean-name>
		<managed-bean-class>com.varutra.mastsb.mastsWS.VMastsLPL</managed-bean-class>
		<managed-bean-scope>session</managed-bean-scope>
	</managed-bean>
	
	<managed-bean>
		<managed-bean-name>vMastsPLB</managed-bean-name>
		<managed-bean-class>com.varutra.mastsb.mastsWS.VMastsPLB</managed-bean-class>
		<managed-bean-scope>session</managed-bean-scope>
	</managed-bean>
	
	<managed-bean>
		<managed-bean-name>vMastsLPB</managed-bean-name>
		<managed-bean-class>com.varutra.mastsb.mastsWS.VMastsLPB</managed-bean-class>
		<managed-bean-scope>session</managed-bean-scope>
	</managed-bean>
	
	<managed-bean>
		<managed-bean-name>vMastsCUNV</managed-bean-name>
		<managed-bean-class>com.varutra.mastsb.mastsD.VMastsCUNV</managed-bean-class>
		<managed-bean-scope>session</managed-bean-scope>
	</managed-bean>
	
	<managed-bean>
		<managed-bean-name>vMastsDSA</managed-bean-name>
		<managed-bean-class>com.varutra.mastsb.mastsD.VMastsDSA</managed-bean-class>
		<managed-bean-scope>session</managed-bean-scope>
	</managed-bean>
	
	<managed-bean>
		<managed-bean-name>vMastsDTS</managed-bean-name>
		<managed-bean-class>com.varutra.mastsb.mastsSDS.VMastsDTS</managed-bean-class>
		<managed-bean-scope>session</managed-bean-scope>
	</managed-bean>

	<managed-bean>
		<managed-bean-name>vMastsDTI</managed-bean-name>
		<managed-bean-class>com.varutra.mastsSV.mastsSCH.VMastsDTI</managed-bean-class>
		<managed-bean-scope>session</managed-bean-scope>
	</managed-bean>
	
	<managed-bean>
		<managed-bean-name>vMastsAUTH</managed-bean-name>
		<managed-bean-class>com.varutra.mastsb.mastsF.VMastsAUTH</managed-bean-class>
		<managed-bean-scope>session</managed-bean-scope>
	</managed-bean>
	
	<managed-bean>
		<managed-bean-name>vMastsLNB</managed-bean-name>
		<managed-bean-class>com.varutra.mastsb.mastsF.VMastsLNB</managed-bean-class>
		<managed-bean-scope>session</managed-bean-scope>
	</managed-bean>
	<managed-bean>
		<managed-bean-name>vMastsDSIM</managed-bean-name>
		<managed-bean-class>com.varutra.mastsSV.mastsSCH.VMastsDSIM</managed-bean-class>
		<managed-bean-scope>session</managed-bean-scope>
	</managed-bean>

	<managed-bean>
		<managed-bean-name>vMastsSF</managed-bean-name>
		<managed-bean-class>com.varutra.mastsb.mastsSCH.VMastsSF</managed-bean-class>
		<managed-bean-scope>session</managed-bean-scope>
	</managed-bean>
	<managed-bean>
		<managed-bean-name>vMastsTLB</managed-bean-name>
		<managed-bean-class>com.varutra.mastsSV.mastsSCH.VMastsTLB</managed-bean-class>
		<managed-bean-scope>session</managed-bean-scope>
	</managed-bean>
	<managed-bean>
		<managed-bean-name>vMastsDDSP</managed-bean-name>
		<managed-bean-class>com.varutra.mastsSV.mastsALOP.VMastsDDSP</managed-bean-class>
		<managed-bean-scope>session</managed-bean-scope>
	</managed-bean>
	<managed-bean>
		<managed-bean-name>vMastsDDSSCLG</managed-bean-name>
		<managed-bean-class>com.varutra.mastsSV.mastsALOP.VMastsDDSSCLG</managed-bean-class>
		<managed-bean-scope>session</managed-bean-scope>
	</managed-bean>

	
	<managed-bean>
		<managed-bean-name>vMastsDTLG</managed-bean-name>
		<managed-bean-class>com.varutra.mastsSV.mastsALOP.VMastsDTLG</managed-bean-class>
		<managed-bean-scope>session</managed-bean-scope>
	</managed-bean>
	
	<managed-bean>
		<managed-bean-name>vMastsDFL</managed-bean-name>
		<managed-bean-class>com.varutra.mastsSV.mastsALOP.VMastsDFL</managed-bean-class>
		<managed-bean-scope>session</managed-bean-scope>
	</managed-bean>
	<managed-bean>
		<managed-bean-name>vMastsLI</managed-bean-name>
		<managed-bean-class>com.varutra.mastsb.mastsLD.VMastsLI</managed-bean-class>
		<managed-bean-scope>session</managed-bean-scope>
	</managed-bean>
	<managed-bean>
		<managed-bean-name>vMastsDVIN</managed-bean-name>
		<managed-bean-class>com.varutra.mastsb.mastsLD.VMastsDVIN</managed-bean-class>
		<managed-bean-scope>session</managed-bean-scope>
	</managed-bean>
	<managed-bean>
		<managed-bean-name>vMastsUP</managed-bean-name>
		<managed-bean-class>com.varutra.mastsb.mastsUP.VMastsUP</managed-bean-class>
		<managed-bean-scope>session</managed-bean-scope>
	</managed-bean>
	<navigation-rule>
		<navigation-case>
			<from-outcome>createBlackBox</from-outcome>
			<to-view-id>/MASTS/Design/VMastsBFCH.xhtml</to-view-id>
		</navigation-case>
	</navigation-rule>

	<navigation-rule>
		<navigation-case>
			<from-outcome>createGreyBox</from-outcome>
			<to-view-id>/MASTS/Design/GreyBoxFileChooser.xhtml</to-view-id>
		</navigation-case>
	</navigation-rule>




	<navigation-rule>
		<navigation-case>
			<from-outcome>back</from-outcome>
			<to-view-id>/MASTS/Design/VMastsMP.xhtml</to-view-id>
		</navigation-case>
	</navigation-rule>
	
	<navigation-rule>
		<navigation-case>
			<from-outcome>logout</from-outcome>
			<to-view-id>/MASTS/Login/VMastsLogin.jsf?faces-redirect=true</to-view-id>
		</navigation-case>
	</navigation-rule>
	<navigation-rule>
		<navigation-case>
			<from-outcome>not valid User</from-outcome>
			<to-view-id>/MASTS/Design/VMastsNVU.jsf</to-view-id>
		</navigation-case>
	</navigation-rule>
	
	<navigation-rule>
		<from-view-id>*</from-view-id>
		<navigation-case>
			<from-outcome>Codenotput</from-outcome>
			<to-view-id>/MASTS/Login/VMastsDSER.jsf?faces-redirect=true</to-view-id>

		</navigation-case>
	</navigation-rule>

	<navigation-rule>
		<from-view-id>*</from-view-id>
		<navigation-case>
			<from-outcome>databaseerror</from-outcome>
			<to-view-id>/MASTS/Login/VMastsDNC.jsf?faces-redirect=true</to-view-id>

		</navigation-case>
	</navigation-rule>
	<navigation-rule>
		<from-view-id>*</from-view-id>
		<navigation-case>
			<from-outcome>500</from-outcome>
			<to-view-id>/MASTS/Login/VMastsPNF.jsf</to-view-id>
		</navigation-case>
	</navigation-rule>
	<navigation-rule>
		<from-view-id>*</from-view-id>
		<navigation-case>
			<from-outcome>404</from-outcome>
			<to-view-id>/MASTS/Login/VMastsPNF.jsf</to-view-id>
		</navigation-case>
	</navigation-rule>

	<navigation-rule>
		<from-view-id>*</from-view-id>
		<navigation-case>
			<from-outcome>main</from-outcome>
			<to-view-id>/MASTS/Design/VMastsMP.jsf?faces-redirect=true</to-view-id>
			<redirect />
		</navigation-case>
	</navigation-rule>

	<navigation-rule>
		<from-view-id>*</from-view-id>
		<navigation-case>
			<from-outcome>fileExplorer</from-outcome>
			<to-view-id>/MASTS/Design/VMastsFEX.jsf?faces-redirect=true</to-view-id>
			<redirect />
		</navigation-case>
	</navigation-rule>

	<navigation-rule>
		<from-view-id>*</from-view-id>
		<navigation-case>
			<from-outcome>dbExplorer</from-outcome>
			<to-view-id>/MASTS/Design/VMastsDBEXP.jsf?faces-redirect=true</to-view-id>
			<redirect />
		</navigation-case>
	</navigation-rule>

	<navigation-rule>
		<from-view-id>*</from-view-id>
		<navigation-case>
			<from-outcome>ReverseEngineeringfilechooser</from-outcome>
			<to-view-id>/MASTS/Design/VMastsREFC.jsf?faces-redirect=true</to-view-id>
			<redirect />
		</navigation-case>
	</navigation-rule>


<!--- redirection to VMastsNP to VMastsAP for project creation and redirection to all project page 
    <navigation-rule>        
		<from-view-id>*</from-view-id>
		<navigation-case>
			<from-outcome>createproject</from-outcome>
			<to-view-id>/MASTS/Design/VMastsAP.jsf?faces-redirect=true</to-view-id>
			<redirect />
		</navigation-case>
	</navigation-rule> -->

	<application>
		<action-listener>org.primefaces.application.DialogActionListener</action-listener>
		<navigation-handler>org.primefaces.application.DialogNavigationHandler</navigation-handler>
		<view-handler>org.primefaces.application.DialogViewHandler</view-handler>
	</application>


</faces-config>
