<?xml version="1.0"  encoding="ISO-8859-1"?>
<!DOCTYPE Configure PUBLIC "-//Mort Bay Consulting//DTD Configure//EN" "http://www.eclipse.org/jetty/configure.dtd">

<Configure class="org.eclipse.jetty.webapp.WebAppContext">
	<Get name="errorHandler">
		<Call name="addErrorPage">
			<Arg type="int">404</Arg>
			<Arg type="String">/error.jsf</Arg>
		</Call>
	</Get>
	<New id="Server" class="org.eclipse.jetty.server.Server">
		<Set name="sendServerVersion">false</Set>
	</New>

</Configure>